Job Title,Company,Location,Salary,Write Time,Release Time
Systems Administrator,Titan Dealer Management Solutions Pty Ltd,North Lakes,"$75,000 base + super",2023/11/16 09:46,Unknown
Senior Systems Administrator,Department of Queensland Treasury,Brisbane QLD,"$110,216 - $117,693 p.a.",2023/11/16 09:46,Unknown
Systems Administrator,Green Light PS Pty Ltd,Canberra ACT,AUD 50 - 60 per hour,2023/11/16 09:46,2d ago
Systems Administrator,Connective Broker Services,Melbourne VIC,N/A,2023/11/16 09:46,1d ago
Systems Administrator,"Talent – Specialists in tech, transformation & beyond",Brisbane QLD,$45.00 - $49.67 p.h. + inc super.,2023/11/16 09:46,1d ago
Systems Administrator,Auto & General,Toowong,N/A,2023/11/16 09:46,28m ago
Systems Administrator,bcu a division of Police and Nurses Limited,Brisbane QLD,N/A,2023/11/16 09:46,2d ago
Systems Administrator,P&N Bank,Perth WA,N/A,2023/11/16 09:46,2d ago
IT Systems Administrator,Glanbia Performance Nutrition,Mount Waverley,"$70,000 – $80,000 per year + variable bonus",2023/11/16 09:46,19h ago
Senior Systems Administrator,Department of Queensland Treasury,Brisbane QLD,"$110,216 - $117,693 p.a.",2023/11/16 09:46,20h ago
Systems Administrator,Cirrus Networks,Perth WA,N/A,2023/11/16 09:46,19h ago
Systems Administrator - Council,MCJ Appointments,Parramatta & Western Suburbs,$56 – $64.81 per hour + super,2023/11/16 09:46,1d ago
Systems Administrator,ETE Group Pty Ltd,Parramatta & Western Suburbs,$130-150k apx neg / Lots of Benefits & WFH,2023/11/16 09:46,1d ago
Technical Systems Administrator,Magentus,Melbourne VIC,N/A,2023/11/16 09:46,19h ago
Systems Administrator,Talent Street,Brisbane QLD,Competitive,2023/11/16 09:46,1d ago
Systems Administrator,Spark Recruitment,Frenchs Forest,Up to $120k p.a.,2023/11/16 09:46,2d ago
Desktop and Systems Administrator,Torres Strait Island Regional Council,Cairns,N/A,2023/11/16 09:46,2d ago
Systems Administrator,Titan Dealer Management Solutions Pty Ltd,North Lakes,"$75,000 base + super",2023/11/16 09:46,9d ago
Systems Administrator,Osborne Richardson,Sydney NSW,N/A,2023/11/16 09:46,52m ago
Senior Systems Administrator,Entag Pty Ltd,Birtinya,Base Salary + Super + Discretionary Bonus on offer,2023/11/16 09:46,6d ago
Systems Administrator,Hays | Technology,Wollongong,Attractive Hourly Rates $$,2023/11/16 09:46,3d ago
Technical IT Administrator,Civil Aviation Safety Authority,Brisbane QLD,Annual Salary plus 15.4% superannuation,2023/11/16 09:46,2h ago
Cloud & Infrastructure Engineer,Connect Recruitment,Brisbane QLD,N/A,2023/11/16 09:46,Unknown
IT Security Administrator,Forestry Corporation of NSW,West Pennant Hills,Competitive Pay + Benefits,2023/11/16 09:46,Unknown
Systems Administrator,Global Payments,Fortitude Valley,N/A,2023/11/16 09:46,7d ago
Technical IT Administrator,Civil Aviation Safety Authority,Melbourne VIC,Annual Salary plus 15.4% superannuation,2023/11/16 09:46,2h ago
Temporary IT Systems and Security Administrator,Broken Hill City Council,Broken Hill,"$104,433 – $111,872 per year",2023/11/16 09:46,6d ago
Senior Systems Administrator,Force IT Pty Ltd,Coburg,N/A,2023/11/16 09:46,1d ago
Systems Administrator,Asylum Seekers Centre,Newtown,N/A,2023/11/16 09:46,5d ago
Systems Administrator,Empire Hospitality Australia Pty Ltd,Sydney NSW,"$70,000 – $74,999 per year",2023/11/16 09:46,1d ago
Systems Administrator,Autoleague,Midland,N/A,2023/11/16 09:46,8d ago
Data Systems Administrator,SYPAQ Systems,Canberra ACT,N/A,2023/11/16 09:46,1d ago
IT System Administrator (Escalation Point),Humanised Group,Brisbane QLD,N/A,2023/11/16 09:46,2d ago
Technical IT Administrator,Civil Aviation Safety Authority,Canberra ACT,Annual Salary plus 15.4% superannuation,2023/11/16 09:46,2h ago
IT Systems Engineer,Emmbr,Melbourne VIC,+super +profit share,2023/11/16 09:46,18h ago
Asset Information Systems Administrator,Hays | Engineering,Melbourne VIC,$50.0 - $60.0 p.h + super,2023/11/16 09:46,32m ago
Technical IT Administrator,Civil Aviation Safety Authority,Sydney NSW,Annual Salary plus 15.4% superannuation,2023/11/16 09:46,2h ago
Junior IT Systems Administrator,AMOG Consulting,Notting Hill,"$85,000 – $105,000 per year",2023/11/16 09:46,6d ago
Senior Systems Administrator,Harmony Gold,Brisbane QLD,N/A,2023/11/16 09:46,6d ago
Systems Administrator,Robert Half,Melbourne VIC,Up to $45 p.h.,2023/11/16 09:46,7d ago
Systems Administrator (Cisco/VMware/Azure) - 6-Month Contract,Robert Half,Brisbane QLD,$600 - $700 per day + superannuation,2023/11/16 09:46,2d ago
ICT Systems Administrator,City of Kalgoorlie-Boulder,Kalgoorlie,"$76,988 – $83,321 per year",2023/11/16 09:46,13d ago
Systems Administrator,Kennards Hire,Seven Hills,N/A,2023/11/16 09:46,6d ago
HSSE Compliance Systems Administrator,SecureEnergy,Sydney NSW,"$75,000 – $85,000 per year",2023/11/16 09:46,19h ago
Systems Administrator,Home Instead,Toowong,N/A,2023/11/16 09:46,Unknown
Systems Administrator,Autoleague,Midland,N/A,2023/11/16 09:46,Unknown
Systems Administrator,Home Instead,Toowong,N/A,2023/11/16 09:46,7d ago
Systems Administrator,Labourpower Commercial,North Sydney,$130k - $140k p.a. + 1 day WFH option,2023/11/16 09:46,14d ago
ICT Systems Administrator,People2people - Brisbane,Brisbane QLD,N/A,2023/11/16 09:46,5d ago
Senior Systems Administrator,Reserve Bank of Australia,Sydney NSW,N/A,2023/11/16 09:46,1d ago
Systems Administrator,Leidos Australia Pty Ltd,Melbourne VIC,N/A,2023/11/16 09:46,14d ago
Senior Azure Systems Administrator,Raytheon Australia,Mawson Lakes,N/A,2023/11/16 09:46,2d ago
Workforce Management Systems Administrator,Qube,Sydney NSW,N/A,2023/11/16 09:46,2d ago
IT Systems Administrator,Alquemie Group,Alexandria,N/A,2023/11/16 09:46,7d ago
Systems Administrator,PERSOLKELLY,Newcastle,$100k - $104k p.a. + Super,2023/11/16 09:46,15d ago
IT Systems Administrator,Wood Recruitment,Kwinana Beach,N/A,2023/11/16 09:46,13d ago
Systems Administrator,Museum of Applied Arts & Sciences,Sydney NSW,"$106,025 - $117,363",2023/11/16 09:46,11d ago
Battlespace Systems Administrator,Raytheon Australia,Edinburgh,N/A,2023/11/16 09:46,3d ago
Learning Management Systems Administrator,Polytechnic Institute Australia,West Melbourne,N/A,2023/11/16 09:46,19h ago
Senior Systems Administrator,FIS,Sydney NSW,N/A,2023/11/16 09:46,2h ago
IT Systems Administrator,mecwacare,Malvern,N/A,2023/11/16 09:46,13d ago
IT Systems Engineer,Claratti,Malaga,N/A,2023/11/16 09:46,1d ago
IT Systems Administrator,Jewish Care,Melbourne VIC,N/A,2023/11/16 09:46,13d ago
Systems Administrator,Brotherhood of St Laurence,Fitzroy,N/A,2023/11/16 09:46,10d ago
Systems Administrator | Junior Pre-Sales | $110K + S,Uplift Recruitment,Sydney NSW,N/A,2023/11/16 09:46,1d ago
Systems Support Administrator - Immediate Start Contract / Perm,Mason-Brown IT,Ballarat,N/A,2023/11/16 09:46,9d ago
IT Infrastructure Engineer,Genesis Recruitment Solutions,Sydney NSW,N/A,2023/11/16 09:46,Unknown
Level 3 Service Desk Engineer,RevolveIT Pty Ltd,Bendigo,"$85,000 – $95,000 per year",2023/11/16 09:46,Unknown
System Administrator,"Talent – Specialists in tech, transformation & beyond",Clayton,$120k - $140k p.a.,2023/11/16 09:46,7d ago
Systems Administrator,Northrop Grumman Australia Pty Ltd,Edinburgh,N/A,2023/11/16 09:46,15d ago
Senior Systems Administrator,Mars Recruitment,Cannington,$110k - $125000.00 p.a.,2023/11/16 09:46,14d ago
Systems Administrator,Northrop Grumman Australia Pty Ltd,Tindal,N/A,2023/11/16 09:46,15d ago
System Administrator,Southcott Pty Ltd,Adelaide SA,N/A,2023/11/16 09:46,8d ago
Systems Engineer,Charterhouse,Sydney NSW,N/A,2023/11/16 09:46,19h ago
Systems Administrator,Shine Lawyers,Brisbane QLD,N/A,2023/11/16 09:46,16d ago
Business Systems Administrator,University of Canberra,Bruce,"Salary Range $85,424 pa - $91,957 pa + 17% Super",2023/11/16 09:46,12d ago
Systems Administrator,Applied Business Technology Pty Ltd,Macquarie Park,N/A,2023/11/16 09:46,9d ago
Level 2 Service Desk/Systems Administrator,Macumen Consulting,Stanmore,N/A,2023/11/16 09:46,7d ago
System Administrator,Business NSW,Sydney NSW,N/A,2023/11/16 09:46,7d ago
System Administrator,New Aim Pty Ltd,Hawthorn East,N/A,2023/11/16 09:46,6d ago
Senior Systems Administrator,Peoplebank Australia WA,Perth WA,N/A,2023/11/16 09:46,5d ago
IT Systems Administrator,GoHosting Pty Ltd,Canberra ACT,"$85,000 – $105,000 based on experience + Bonuses",2023/11/16 09:46,17d ago
Junior Systems Administrator - Education Sector,AC3 Pty Limited,Sydney NSW,"$80,000+super+benefits",2023/11/16 09:46,5d ago
Senior Systems Administrator,Hays | Technology,Melbourne VIC,"$100000.0 - $125000.0 p.a. + $110,000-125,000",2023/11/16 09:46,15d ago
Senior F35 Systems Administrator - Offboard Mission Systems Administrator,Lockheed Martin Australia Pty Ltd,Darwin NT,N/A,2023/11/16 09:46,13d ago
IT Systems Administrator,SMYL,Fremantle,"$90,000 – $110,000 per year",2023/11/16 09:46,15d ago
Windows Systems Administrator,Unisys,Rhodes,Based as per experience.,2023/11/16 09:46,13d ago
Systems Administrator,TheDriveGroup,Macquarie Park,up to $120k plus super,2023/11/16 09:46,15d ago
IT Support Engineer ( Level 2/3 ),FLUX IT,Perth WA,"$80,000 – $85,000 per year",2023/11/16 09:46,Unknown
IT Support Engineer,Kincoppal-Rose Bay School,Rose Bay,N/A,2023/11/16 09:46,Unknown
Senior F35 Systems Administrator - Offboard Mission Systems Administrator,Lockheed Martin Australia Pty Ltd,Tindal,N/A,2023/11/16 09:46,13d ago
Systems Administrator,Serco Asia Pacific,Sydney NSW,N/A,2023/11/16 09:46,14d ago
System Administrator,LDK Healthcare,Brisbane QLD,Competitive Salary,2023/11/16 09:46,15d ago
IT Systems Administrator,Capricorn,Perth WA,N/A,2023/11/16 09:46,13d ago
Senior Systems Administrator,DevelopmentWA,Perth WA,N/A,2023/11/16 09:46,12d ago
Data & Control Systems Administrator,Toowoomba Regional Council,Toowoomba,N/A,2023/11/16 09:46,12d ago
Senior System Administrator,Finite IT Recruitment Solutions,Perth WA,N/A,2023/11/16 09:46,5d ago
Senior Systems Administrator,Reserve Bank of Australia,Sydney NSW,N/A,2023/11/16 09:46,12d ago
IT Systems Administrator,Capricorn,Sydney NSW,N/A,2023/11/16 09:46,13d ago
Systems Administrator,Saab Australia Pty Ltd,Mawson Lakes,N/A,2023/11/16 09:46,19d ago
IT Systems Consultant,Swordfish Search Pty Ltd,North Sydney,100k packagesy,2023/11/16 09:46,7d ago
IT Administrator,Brandt Tractor,Ballarat,N/A,2023/11/16 09:46,8d ago
Systems Engineer,SICE Pty Ltd,Melbourne VIC,N/A,2023/11/16 09:46,1h ago
Network Administrator,Gecko IT Solutions,Bendigo,N/A,2023/11/16 09:46,1d ago
Sytem Engineer,Calibre Consulting,Perth WA,"$100,000 – $130,000 per year",2023/11/16 09:46,2d ago
IT Systems Administrator,Alquemie Group,Alexandria,N/A,2023/11/16 09:46,19d ago
Systems Administrator,FinXL IT Professional Services,Sydney NSW,N/A,2023/11/16 09:46,16d ago
Systems Administrator,Binyan Studios,Erskineville,N/A,2023/11/16 09:46,23d ago
Project Liaison & Systems Administrator,Wollondilly Shire Council,Picton,N/A,2023/11/16 09:46,9d ago
Systems Administrator,Professional Search Group,Perth WA,N/A,2023/11/16 09:46,20d ago
IT Support Engineer - Level 2,JH Computer Services,Perth WA,"$65,000 – $75,000 per year",2023/11/16 09:46,Unknown
IT Professional (Disability affirmative measure),Australian Taxation Office,Newcastle,"$90,611 to $104,038 + 15.4% Super",2023/11/16 09:46,Unknown
Senior Systems Administrator,Slater and Gordon Lawyers,Melbourne VIC,N/A,2023/11/16 09:46,14d ago
Lvl 2 Systems Engineer,Better Staff,Brisbane QLD,N/A,2023/11/16 09:46,1d ago
System Administrator  |  Financial Tech,Robert Half,Sydney NSW,$100k - $120k p.a. + Super,2023/11/16 09:46,6d ago
Human Resources Information Systems Administrator,Envirolab Services,Chatswood,N/A,2023/11/16 09:46,5d ago
Systems Administrator,FinXL IT Professional Services,Sydney NSW,N/A,2023/11/16 09:46,16d ago
System Administrator Team Lead,face2face Recruitment,Canberra ACT,N/A,2023/11/16 09:46,15d ago
Systems Administrator,Kapsch TrafficCom Australia,Brisbane QLD,N/A,2023/11/16 09:46,20d ago
Senior System Administrator - Technical Lead,Aquion Pty Ltd,Sydney NSW,"$120,000 – $140,000 per year",2023/11/16 09:46,7d ago
IT Systems Engineer,LSC,North Melbourne,Competitive Salary + Super + Onsite Parking,2023/11/16 09:46,16d ago
System Administrator,Robert Half,Blue Mountains & Central West NSW,$110k - $125k p.a. + + Super,2023/11/16 09:46,15d ago
Systems Engineer,Silverfern IT,Perth WA,N/A,2023/11/16 09:46,2d ago
PDM/PLM Systems Administrator,SMARDT Chillers Pty Ltd,Bayswater North,N/A,2023/11/16 09:46,13d ago
IT Systems Manager,Precision Sourcing,Melbourne VIC,$130k - $131k p.a. + + super + benefits,2023/11/16 09:46,7d ago
CRM System Administrator,Unitywater,Maroochydore,N/A,2023/11/16 09:46,2d ago
Senior System Administrator,Essential Energy,Port Macquarie,16% Superannuation + 9 day fortnight,2023/11/16 09:46,2d ago
IT Systems Administrator,Blue Packets,Canberra ACT,N/A,2023/11/16 09:46,23d ago
APS6 Financial Systems Administrator - S26 or 12 Months NOG Contract,Capital Recruit,Canberra ACT,Strong APS6 salaries available,2023/11/16 09:46,12d ago
Senior IT Engineer,Mine Site Technologies Pty Ltd,Bowen Hills,N/A,2023/11/16 09:46,2d ago
Senior Systems Administrator,SARB Management Group,South Wharf,N/A,2023/11/16 09:46,21d ago
Network & System Administrator,Hays | Technology,Hobart TAS,N/A,2023/11/16 09:46,15d ago
Senior IT Role,Kerr Solutions Pty Ltd,Berserker,N/A,2023/11/16 09:46,Unknown
Systems Engineer,Silverfern IT,Perth WA,N/A,2023/11/16 09:46,Unknown
Systems Administrator,Mars Recruitment,Subiaco,$88k - $92k p.a. + 12 Month Fixed Term Contract,2023/11/16 09:46,28d ago
Microsoft Systems Administrator,Data#3 People Solutions,Melbourne VIC,"Bundoora, Melbourne Based + 2 -3 Days WFH",2023/11/16 09:46,21d ago
Systems Engineer,Catholic Schools NSW,Sydney NSW,"$125,000 – $130,000 per year + superannuation",2023/11/16 09:46,2d ago
Library Technology Infrastructure Administrator,City of Melbourne,Melbourne VIC,N/A,2023/11/16 09:46,3h ago
System Administrator,White Bay Search,Surfers Paradise,"Up to $100,000 + Super",2023/11/16 09:46,20d ago
Systems Engineer - Brisbane,AYAN INFOTECH PTY LTD,Brisbane QLD,$380 - $400 p.d. + all incl fixed day rate,2023/11/16 09:46,5h ago
IT Systems Administrator,Airnorth,Marrara,N/A,2023/11/16 09:46,27d ago
System Engineer/Admin,BSI People Pty Limited,Sydney NSW,N/A,2023/11/16 09:46,2d ago
IT Systems Administrator & Office Manager,The Proactive Health Company Pty Ltd,Algester,N/A,2023/11/16 09:46,23d ago
Systems Administrator,Ivanhoe Girls' Grammar School,Ivanhoe,N/A,2023/11/16 09:46,26d ago
Azure Systems Administrator,Secure Agility Pty Ltd,Sydney NSW,N/A,2023/11/16 09:46,19d ago
Systems Administrator,Unisys,Melbourne VIC,N/A,2023/11/16 09:46,24d ago
Network Administrator,Mills Oakley,Melbourne VIC,N/A,2023/11/16 09:46,1d ago
System Administrator Build Specialist,"Talent – Specialists in tech, transformation & beyond",Brisbane QLD,$900 - $1100 p.d.,2023/11/16 09:46,15d ago
System Administrator Level 1,CEA Technologies Pty Limited,Canberra ACT,N/A,2023/11/16 09:46,13d ago
ICT Cloud System and Network Administrator,Education Services Australia,Melbourne VIC,Hybrid - 40% in the office,2023/11/16 09:46,3d ago
Server Engineer,Nyrstar,Hobart TAS,N/A,2023/11/16 09:46,5d ago
System Administrator (Level 1),Asta Solutions,Bayswater,Base Salary + Superannuation + Training,2023/11/16 09:46,19d ago
Systems Administrator,Integrated Application Development Pty Ltd,Hawthorn East,"$100,000 – $120,000 per year",2023/11/16 09:46,29d ago
Systems Project Administrator,Labourpower Commercial,Belrose,$130k - $140k p.a. + 1 day WFH option,2023/11/16 09:46,22d ago
Service Desk Engineer,Deployus,Bowen Hills,"$75,000 – $89,999 per year",2023/11/16 09:46,Unknown
Level 2 Service Desk/Systems Administrator,Macumen Consulting,Stanmore,N/A,2023/11/16 09:46,Unknown
Network Administrator,Serendib Sourcing Pty Ltd,Melbourne VIC,"$71,000 per year",2023/11/16 09:46,11d ago
Infrastructure Systems Engineer - Permanent Opportunity,Halcyon Knights Pty Ltd,Sydney NSW,AUD 125000 - 135000 per annum,2023/11/16 09:46,9d ago
Systems Administrator (Infrastructure & Cloud),Idea 11 Pty Ltd,Brisbane QLD,N/A,2023/11/16 09:46,23d ago
IT Infrastructure Engineer,Genesis Recruitment Solutions,Sydney NSW,N/A,2023/11/16 09:46,3d ago
System Admin,Fuse Recruitment,Brisbane QLD,AUD 65000 - 72500 per annum,2023/11/16 09:46,3d ago
Senior Linux Systems Administrator,"Talent – Specialists in tech, transformation & beyond",Adelaide SA,N/A,2023/11/16 09:46,6d ago
DBA/Systems Administrator - SQL,Recruitment Hive,Canberra ACT,$120 - $140 p.h. + All client fees disclosed,2023/11/16 09:46,22d ago
Senior Systems Administrator,Evolve Technologies,Southport,N/A,2023/11/16 09:46,21d ago
Specialist IoT Administrator,Horizon Power,Bentley,"$113k - $126k p.a. + super, free parking",2023/11/16 09:46,9d ago
Network Administrator,"Department of Children, Youth Justice and Multicultural Affairs",Brisbane QLD,"$96,365 - $104,518 p/a",2023/11/16 09:46,6d ago
Systems Engineer,Pathfinder Recruitment,South West & M5 Corridor,N/A,2023/11/16 09:46,3d ago
IT Systems Administrator,Prima Printing Pty Ltd,Noble Park North,N/A,2023/11/16 09:46,29d ago
Server Engineer,Experis AU,Melbourne VIC,N/A,2023/11/16 09:46,3d ago
Systems Engineer,Better Staff,North Shore & Northern Beaches,N/A,2023/11/16 09:46,22h ago
F-35 Systems Administrator,Lockheed Martin Australia Pty Ltd,Alice Springs,N/A,2023/11/16 09:46,24d ago
Systems & Network Administrator,FourQuarters Recruitment,Melbourne VIC,N/A,2023/11/16 09:46,22d ago
IT Systems Engineer,Australian Nuclear Science and Technology Organisation,Southern Suburbs & Sutherland Shire,N/A,2023/11/16 09:46,2d ago
Senior Systems Administrator/Lead,West Recruitment,St Leonards,"Salary to $130,000",2023/11/16 09:46,21d ago
Systems Engineer,New Era Technology,Newcastle,N/A,2023/11/16 09:46,8d ago
Systems Engineer,Auto & General,Toowong,N/A,2023/11/16 09:46,33m ago
IT Professional,Australian Taxation Office,Newcastle,"$90,611 to $104,038 + 15.4% Super",2023/11/16 09:47,Unknown
System Administrator,New Aim Pty Ltd,Hawthorn East,N/A,2023/11/16 09:47,Unknown
Specialist: Systems Engineer,Sydney Catholic Schools,Sydney NSW,N/A,2023/11/16 09:47,9d ago
F-35 Systems Administrator,Lockheed Martin Australia Pty Ltd,Tindal,N/A,2023/11/16 09:47,24d ago
Systems Engineer,State Technics,Kent Town,N/A,2023/11/16 09:47,6d ago
Senior IT Infrastructure Engineer,Aspen Pharmacare Australia Pty Ltd,Dandenong South,N/A,2023/11/16 09:47,1d ago
Systems Administrator,Harvey Nash,Sydney NSW,Up to $110k-120k plus super (experience dependant),2023/11/16 09:47,29d ago
Systems and Network Support Engineer,Balmain NB Commercial Mortgages Limited,Sydney NSW,N/A,2023/11/16 09:47,2d ago
Senior Systems Administrator,HD IT,Parramatta,$100 - 130K package depending on experience,2023/11/16 09:47,24d ago
Senior IT Engineer,TASK,Mona Vale,N/A,2023/11/16 09:47,2d ago
IT Systems Administrator,Premcar Pty Ltd,Epping,N/A,2023/11/16 09:47,28d ago
Systems Administrator,TheDriveGroup,Macquarie Park,up to $120k plus super,2023/11/16 09:47,29d ago
Systems & Network Administrator [ Azure / M365 ],The Aquarium,Canberra ACT,N/A,2023/11/16 09:47,21d ago
CRM System Administrator,Unitywater,Caboolture,N/A,2023/11/16 09:47,2d ago
Systems Engineer,Just Better Care Australia Pty Ltd,Sydney NSW,N/A,2023/11/16 09:47,8d ago
Systems/Network Administrator,Professional Search Group,Perth Airport,AUD 100000 - 120000 per annum,2023/11/16 09:47,29d ago
Systems Administrator,William Buck (NSW) Pty Limited,Sydney NSW,N/A,2023/11/16 09:47,28d ago
Junior Systems Administrator,National Credit Insurance (Brokers) Pty Ltd,Adelaide SA,N/A,2023/11/16 09:47,29d ago
Systems Administrator - 12 month fixed term,Robert Half,Melbourne VIC,Up to $120k p.a.,2023/11/16 09:47,26d ago
Business Systems Administrator - Manufacturing,u&u. Recruitment Partners,Mascot,"$120,000 - $140,000 + superannuation.",2023/11/16 09:47,24d ago
Senior Systems Engineer,N/A,Beerwah,N/A,2023/11/16 09:47,8d ago
Systems Administrator,Mazda Australia,Mulgrave,N/A,2023/11/16 09:47,16 Oct 2023
Senior Hybrid Cloud Infrastructure Engineer,IMB Limited,Wollongong,N/A,2023/11/16 09:47,Unknown
Level 3 Helpdesk Support and Engineer,getNEXT Pty Ltd,Melbourne VIC,N/A,2023/11/16 09:47,Unknown
Systems Engineer,Kinetic IT,Perth WA,N/A,2023/11/16 09:47,1d ago
Application Deployment System Administrator,Kinexus,Canberra ACT,$100k - $150k + Super,2023/11/16 09:47,21d ago
SQL / Windows /  Systems Engineer - Remote in Australia,Randstad Digital,Brisbane QLD,To be discussed at interview stage,2023/11/16 09:47,12d ago
Systems Administrator / Architect,Raytheon Australia,Mawson Lakes,N/A,2023/11/16 09:47,27d ago
Systems Engineer - Sydney,Datacom,Sydney NSW,Laptop + Phone + Paid training,2023/11/16 09:47,9d ago
Senior Microsoft Systems Engineer,Attorney-General's Department,Adelaide SA,N/A,2023/11/16 09:47,9d ago
Senior Systems Administrator,UniSuper Management Pty Ltd,Melbourne VIC,..,2023/11/16 09:47,22d ago
Application Support Engineer / System Administrator,Recruitment Hive,Canberra ACT,$130 - $150 p.h. + Negotiable Rates,2023/11/16 09:47,5d ago
Level 3 Systems Engineer,NTT Ltd,Canberra ACT,Base + Bonus + Super + Benefits,2023/11/16 09:47,1d ago
System Administrator,iQuest Consulting Pty Ltd,Perth WA,"$70,000 – $95,000 per year",2023/11/16 09:47,29d ago
SYSTEMS INTEGRATOR/ SYSTEMS ENGINEER,Rauland Australia Pty Ltd,North Melbourne,Excellent salary + super + hybrid workplace,2023/11/16 09:47,7d ago
Linux Systems Administrator,TEKsystems,Sydney NSW,N/A,2023/11/16 09:47,6d ago
Lead System Engineer,Experis AU,Sydney NSW,N/A,2023/11/16 09:47,2d ago
Senior Support Engineer,Leap Consulting,Subiaco,"$100,000 – $110,000 per year",2023/11/16 09:47,2d ago
Systems Engineer - Platform,NTT Ltd,Canberra ACT,Base + Bonus + Super + Income Protection,2023/11/16 09:47,1d ago
SYSTEMS INTEGRATOR/ SYSTEMS ENGINEER,Rauland Australia Pty Ltd,West End,Excellent salary + super + hybrid workplace,2023/11/16 09:47,7d ago
"Principal Systems Engineer, Identity and Access Management",TAFE Queensland,Mount Gravatt East,"$127,263.54 - $136,293.04",2023/11/16 09:47,3d ago
LEVEL 2 – SYSTEMS ENGINEER,Envision BIT,North Sydney,"$80,000 – $85,000 per year (+ Super)",2023/11/16 09:47,17d ago
IT Systems Engineer,Capricorn,Perth WA,N/A,2023/11/16 09:47,15d ago
ICT Infrastructure Engineer,Autosports Group,Sydney NSW,N/A,2023/11/16 09:47,17h ago
IT Systems Administrator,Premcar Pty Ltd,Epping,N/A,2023/11/16 09:47,Unknown
Level 3 MSP Technical Engineer (Microsoft Hyper-V & Citrix Specialist),Managed IT Pty Ltd,Osborne Park,"$110,000 – $150,000 per year depending on skill",2023/11/16 09:47,Unknown
Senior Systems Engineer,Wilson,Perth WA,N/A,2023/11/16 09:47,7d ago
Linux Systems Administrator,Cleared,Canberra ACT,$190k - $210k p.a.,2023/11/16 09:47,14d ago
System Engineer - NV1,Hays | Technology,Miranda,+ Super,2023/11/16 09:47,2d ago
System Administrator,Geforce Technologies,Bella Vista,"$90,000 per year",2023/11/16 09:47,24d ago
Systems Engineer,ABC,Ultimo,N/A,2023/11/16 09:47,12d ago
Systems & Network Administrator [ VMware ],The Aquarium,Canberra ACT,N/A,2023/11/16 09:47,19d ago
Systems Engineer (Projects),New Era Technology,Perth WA,N/A,2023/11/16 09:47,10d ago
Support Consultant / System Administrator,"Talent – Specialists in tech, transformation & beyond",Fortitude Valley,$70k - $80k p.a.,2023/11/16 09:47,24d ago
Senior ICT Systems Engineer,NetYourJob,Gold Coast QLD,N/A,2023/11/16 09:47,13d ago
Systems & Network Administrator (VMware and Windows),Hays | Technology,Sydney NSW,N/A,2023/11/16 09:47,22d ago
IT Support Engineer ( Level 2/3 ),FLUX IT,Perth WA,"$80,000 – $85,000 per year",2023/11/16 09:47,9d ago
MSP L3 Engineer,Wallis Computer Solutions,Perth WA,"$120,000 – $150,000 Package (Cash+Super+Benefits)",2023/11/16 09:47,8d ago
Senior Systems Engineer,TAFE Queensland,Mount Gravatt East,"$127,263.54 - $136,293.04",2023/11/16 09:47,8d ago
Senior ICT Systems Engineer,NetYourJob,Brisbane QLD,N/A,2023/11/16 09:47,13d ago
Server Manager/Infrastructure Engineer,TalentWeb Consulting,Sydney NSW,N/A,2023/11/16 09:47,6d ago
Data System Administrator,Recruitment Hive,Adelaide SA,All client fees disclosed,2023/11/16 09:47,5d ago
Systems Engineer,Experis AU,Adelaide SA,N/A,2023/11/16 09:47,13d ago
Systems Engineer,Harvey Nash,Rooty Hill,$100k - $120k Plus super & HUGE benefits,2023/11/16 09:47,9d ago
Level 3 IT Support Engineer,Robert Walters,Perth WA,$80k - $100k p.a. + Superannuation,2023/11/16 09:47,8d ago
L3 ICT systems engineer,Digital Core 9,Sydney NSW,N/A,2023/11/16 09:47,11d ago
IT Support Engineer (Perth),Office Solutions IT,Osborne Park,"70,000 - 95,000",2023/11/16 09:47,Unknown
Systems Analyst / Senior Systems Analyst,Medenterprises,Gold Coast QLD,N/A,2023/11/16 09:47,Unknown
Level 2/3 Support Engineer,TheDriveGroup,Castle Hill,up to $110k plus super,2023/11/16 09:47,12d ago
Network Administrator,BGC,Osborne Park,N/A,2023/11/16 09:47,5d ago
Senior System Engineer,EGM Partners,Adelaide SA,N/A,2023/11/16 09:47,7d ago
IT Administrator,InVeris Training Solutions PTY LTD,Lavington,"$75,000 – $85,000 per year",2023/11/16 09:47,23d ago
Infrastructure Engineer,Hughes and Jones Consulting Pty Ltd,Brisbane QLD,"$70,000 – $90,000 per year",2023/11/16 09:47,21h ago
Data System Administrator,Canberra Consulting,Canberra ACT,AUD 120 - 150 per hour,2023/11/16 09:47,2d ago
Senior IT Officer - Sys Admin & Platform Engineer,N/A,Melbourne VIC,"$90,000 – $110,000 per year",2023/11/16 09:47,15d ago
Systems Engineer,NEC Australia Pty Ltd,Edinburgh,N/A,2023/11/16 09:47,6d ago
"Senior Systems Engineer - Windows , VMWare",Profusion PAC Pty Ltd,Melbourne VIC,700-1000 per day,2023/11/16 09:47,5d ago
Asset Systems Administrator,Public Sector People,Melbourne VIC,N/A,2023/11/16 09:47,27d ago
Senior Systems Engineer,Harvey Norman,Homebush West,N/A,2023/11/16 09:47,12d ago
Red Hat Linux Systems Administrator,The Network,Parramatta,N/A,2023/11/16 09:47,13d ago
Senior Systems Engineer - Cyber Essential 8,Mars Recruitment,Melbourne VIC,N/A,2023/11/16 09:47,5d ago
Systems Engineer - Level 2 and 3 Support,Virtuelle Group,Rhodes,N/A,2023/11/16 09:47,13d ago
Systems Engineer,Robert Half,Applecross,$90k - $110k p.a. + + Super,2023/11/16 09:47,25d ago
Senior ICT Engineers,BAE Systems,Adelaide SA,N/A,2023/11/16 09:47,10h ago
System Administrator,Boeing Defence Australia,Brisbane QLD,N/A,2023/11/16 09:47,28d ago
Level 2 IT / Managed Services Engineer,Total Computer Technology,Port Melbourne,N/A,2023/11/16 09:47,2d ago
Systems Engineer,"Sharp & Carter Technology, Projects & Digital",Parramatta,N/A,2023/11/16 09:47,12d ago
Server Engineer,EQUANS Corporate Services Proprietary Limited,Silverwater,N/A,2023/11/16 09:47,5d ago
Senior Service Desk Engineer,Superior IT Technologies,St Marys,N/A,2023/11/16 09:47,Unknown
IT Specialist,Rheinmetall NIOA Munitions,Maryborough,N/A,2023/11/16 09:47,Unknown
Senior IT Systems Engineer,City Parklands Services Pty Ltd,Brisbane QLD,"$118,190 + superannuation + salary sacrificing",2023/11/16 09:47,20d ago
IT Systems Engineer,Data#3 People Solutions,Adelaide SA,N/A,2023/11/16 09:47,23d ago
System Administrator,Pickles Auctions P/L,Sydney NSW,N/A,2023/11/16 09:47,16 Oct 2023
Operational Systems Engineer,AGL,Docklands,N/A,2023/11/16 09:47,7d ago
Infrastructure & Cloud Specialist,Flinders Port Holdings Pty Ltd,Adelaide SA,N/A,2023/11/16 09:47,9d ago
Data System Administrator,Whizdom,Canberra ACT,AUD 130 - 200 per hour,2023/11/16 09:47,2d ago
System Engineer (Projects),Humanised Group,Brisbane QLD,N/A,2023/11/16 09:47,8d ago
Windows Systems Engineer,Peoplebank Australia NSW,Melbourne VIC,N/A,2023/11/16 09:47,15d ago
Lead Systems Engineer,Experis AU,Bayside & South Eastern Suburbs,N/A,2023/11/16 09:47,6d ago
System Operations Engineer,Flowbird Australia Pty Ltd,East Perth,"$80,000 – $105,000 per year",2023/11/16 09:47,10d ago
Lead Systems Engineer,Victoria Police,Docklands,"VPSG-6 Salary $130,673 - $174,869 + superannuation",2023/11/16 09:47,14d ago
System Administrator Infringement Services,Department of Transport,Innaloo,"Level 6 $110,309-$121,569 p.a PS CSA A 2023",2023/11/16 09:47,12d ago
Senior Systems Engineer,Ethan Talent,Brisbane QLD,N/A,2023/11/16 09:47,9d ago
System Administrator,JCDecaux,Sydney NSW,N/A,2023/11/16 09:47,8d ago
Principle Technical Officer (Systems Support) - Cairns,Cairns & Hinterland Hospital and Health Service,Cairns,N/A,2023/11/16 09:47,11h ago
Azure Systems Engineer,Talenza,Brisbane QLD,$100k - $130k p.a. + super & bonus,2023/11/16 09:47,14d ago
Senior Systems Engineer,K&S Freighters,Truganina,Fantastic earning + Parking onsite + Job stability,2023/11/16 09:47,13d ago
Systems Engineer -  Corporate Services,Super Retail Group,Brisbane QLD,N/A,2023/11/16 09:47,15d ago
Senior Systems Engineer - Platform Services,Recruitment House,Sydney NSW,Attractive Remuneration,2023/11/16 09:47,12d ago
Data Centre Systems Engineer,Cirrus Networks,Perth WA,N/A,2023/11/16 09:47,7d ago
Systems Engineer,N/A,Perth WA,N/A,2023/11/16 09:47,Unknown
IT Support Engineer - Level 2,Deltaworks,Perth WA,"$60,000 – $75,000 per year + Super & Allowances",2023/11/16 09:47,Unknown
Senior Systems Administrator,First Focus IT P/L,Perth WA,Competitive pkg | 10 days paid training leave/yr,2023/11/16 09:47,26d ago
Linux Systems Administrator (OpenShift) x2,PRA,Sydney NSW,$800 - $888 per day (Inc. Super) + GST,2023/11/16 09:47,12d ago
Level 2 Support Engineer,TheDriveGroup,Sydney NSW,$85-95k plus super,2023/11/16 09:47,1d ago
Senior Systems Engineer - 4 days WFH,Clarrow Pty Ltd,Melbourne VIC,$160K - $175K + Super + Bonus,2023/11/16 09:47,9d ago
Part-Time Systems & Infrastructure Lead,GPSI Group Pty Ltd,Brisbane QLD,N/A,2023/11/16 09:47,3d ago
Systems Engineer,u&u. Recruitment Partners,Parramatta,"$120,000 + superannuation",2023/11/16 09:47,22d ago
System Engineer,BSA Ltd,Melbourne VIC,N/A,2023/11/16 09:47,26d ago
Systems Engineer,Blockhead VFX,Paddington,N/A,2023/11/16 09:47,14d ago
Junior Infrastructure Monitoring Administrator,Leidos Australia Pty Ltd,Scoresby,N/A,2023/11/16 09:47,7d ago
Systems Engineer,Pathfinder Recruitment,Ballarat,N/A,2023/11/16 09:47,23d ago
Systems Engineer,"Talent – Specialists in tech, transformation & beyond",East Perth,N/A,2023/11/16 09:47,16d ago
Associate Systems Engineer,MYOB,Melbourne VIC,N/A,2023/11/16 09:47,15d ago
Systems Engineer,Robert Half,Melbourne VIC,$120k - $140k p.a. + Super,2023/11/16 09:47,29d ago
Systems and Network Engineer,Humanised Group,Gold Coast QLD,N/A,2023/11/16 09:47,1d ago
Azure Infrastructure Engineer / Windows Administrator,Infinity Pro,Sydney NSW,$1100 to $1221 Per Day - Mostly WFH,2023/11/16 09:47,23d ago
ServiceNow  - Technical Specialist / Administrator,Calleo,Sydney NSW,N/A,2023/11/16 09:47,13d ago
Systems Engineer,Commonwealth Bank – Technology,Eveleigh,+ yearly bonus,2023/11/16 09:47,8d ago
Support Engineer - Red Bull,TechConnect IT Solutions Pty Ltd,Hollywell,N/A,2023/11/16 09:47,46m ago
System Administrator PRONTO,Department of Communities and Justice,Parramatta,106025,2023/11/16 09:47,5d ago
ICT Administrator - Infrastructure & Security,Data#3 People Solutions,Parramatta,N/A,2023/11/16 09:47,1d ago
Senior System Administrator,Essential Energy,Port Macquarie,16% Superannuation + 9 day fortnight,2023/11/16 09:47,Unknown
Infrastructure Systems Specialist - Operational Technology,Essential Energy,Port Macquarie,16% Superannuation + 9 day fortnight,2023/11/16 09:47,Unknown
Technical Specialist - Utility Infrastructure,"Talent – Specialists in tech, transformation & beyond",Melbourne VIC,N/A,2023/11/16 09:47,1d ago
Network and Systems Officer,Shire of Capel,Capel,N/A,2023/11/16 09:47,12d ago
Managed Services Level 3 Engineer,MIACOR IT,Brisbane QLD,N/A,2023/11/16 09:47,8d ago
Deskside Services Administrator,empire group,Perth WA,N/A,2023/11/16 09:47,6d ago
IT Infrastructure Engineer,Cabrini Technology Group,Rydalmere,N/A,2023/11/16 09:47,19d ago
Senior System Engineer/Specialist,Decmil,Perth WA,N/A,2023/11/16 09:47,1d ago
*** System & Network Administrator ***,Powerstaff Consulting,Sydney NSW,N/A,2023/11/16 09:47,18d ago
National Operations Centre Engineer,I-MED Radiology Network,Sydney NSW,N/A,2023/11/16 09:47,1d ago
Systems Engineer (Windows Server/Active Directory/VMware/NV1),Green Light PS Pty Ltd,Melbourne VIC,N/A,2023/11/16 09:47,9d ago
Systems Engineer,New Era Technology,Sydney NSW,N/A,2023/11/16 09:47,14d ago
Network and Systems Engineer,Lake Macquarie City Council,Newcastle,"$94,827 – $110,204 a year plus 12% superannuation",2023/11/16 09:47,13d ago
Windows Systems Engineer,"Talent – Specialists in tech, transformation & beyond",Melbourne VIC,N/A,2023/11/16 09:47,15d ago
Senior Systems Engineer,Brennan IT,Richmond,N/A,2023/11/16 09:47,16d ago
Principal Technology Officer,Department of Health - Queensland,Fortitude Valley,N/A,2023/11/16 09:47,1d ago
Systems Engineer,Pathfinder Recruitment,South Melbourne,N/A,2023/11/16 09:47,23d ago
Systems Engineer - IT Support,Aeris Networks,Perth WA,N/A,2023/11/16 09:47,20d ago
"Onboarding Engineer, IT Managed Services",Expert Sphere,Eastern Suburbs,"$85,000 – $95,000 per year",2023/11/16 09:47,9d ago
IT Network Administrator,Tamworth Regional Council,Tamworth,N/A,2023/11/16 09:47,12d ago
Systems Engineer,New Era Technology,Brisbane QLD,N/A,2023/11/16 09:47,21d ago
"IT Technical Specialist (Data Centre, Server, Cloud)",Amcor Flexibles (Australia) Pty Ltd,Moorabbin,Competitive Salary and Incentive Opportunity,2023/11/16 09:47,13d ago
Senior Support Engineer (Perth),Office Solutions IT,Osborne Park,AUD,2023/11/16 09:47,Unknown
Point-of-Sales Hardware Tech Engineer,DWS Limited,Melbourne VIC,$450/day or $100K (inc super) dep. on exp.,2023/11/16 09:47,Unknown
Senior System Engineer,Computershare Ltd,Abbotsford,N/A,2023/11/16 09:47,16d ago
Cloud & Infrastructure Engineer,Connect Recruitment,Brisbane QLD,N/A,2023/11/16 09:47,1h ago
Senior Systems Administator,CircuIT Recruitment Group,Brisbane QLD,N/A,2023/11/16 09:47,19d ago
Application Administrator - Objective,CEA Technologies Pty Limited,Canberra ACT,N/A,2023/11/16 09:47,13d ago
Level 3 IT Technical Support Engineer,Drake International,Katherine,$80k - $100k p.a. + super,2023/11/16 09:47,1d ago
Level 3 IT Technical Support Engineer,Drake International,Katherine,$80k - $100k p.a. + super,2023/11/16 09:47,1d ago
Level 3 IT Technical Support Engineer,Drake International,Katherine,$80k - $100k p.a. + super,2023/11/16 09:47,1d ago
SYSTEMS INTEGRATOR/ SYSTEMS ENGINEER,Rauland Australia Pty Ltd,Cammeray,Excellent salary + super + hybrid workplace,2023/11/16 09:47,7d ago
Lead System Engineer (Infrastructure Automation),PRA,Melbourne VIC,N/A,2023/11/16 09:47,12d ago
Network Administrator – 14334BR,Lockheed Martin Australia Pty Ltd,Williamtown,N/A,2023/11/16 09:47,8d ago
Systems Engineer - Hawthorn East,Coles,Melbourne VIC,N/A,2023/11/16 09:47,13d ago
Infrastructure Engineer,Finite IT Recruitment Solutions,Melbourne VIC,hybrid/wfh + career growth,2023/11/16 09:47,19d ago
Systems Engineer,AC3 Pty Limited,Melbourne VIC,N/A,2023/11/16 09:47,21d ago
Systems Engineer (Lead),Liberty Financial,Melbourne VIC,N/A,2023/11/16 09:47,22d ago
Systems Engineer,Harvey Nash,Sydney NSW,$100k - $120k Plus super & HUGE benefits,2023/11/16 09:47,16d ago
System/Network Analyst,Brandt Tractor,Ballarat,N/A,2023/11/16 09:47,2d ago
IT Security Administrator,Forestry Corporation of NSW,West Pennant Hills,Competitive Pay + Benefits,2023/11/16 09:47,5h ago
Information Technology/Operational Technology Engineer,Cromarty,Port Melbourne,N/A,2023/11/16 09:47,1d ago
Senior Technology Engineer,Ligeti Partners,Melbourne VIC,"$110,000 – $120,000 per year",2023/11/16 09:47,10d ago
Systems Engineer,N/A,Perth WA,N/A,2023/11/16 09:47,28d ago
Systems Engineer,State Technics,Kent Town,N/A,2023/11/16 09:47,Unknown
Systems Engineer - IT Support,Aeris Networks,Perth WA,N/A,2023/11/16 09:47,Unknown
Infrastructure Engineer,Chamonix IT Consulting,Adelaide SA,N/A,2023/11/16 09:47,13d ago
Systems Engineer,Peoplebank Australia WA,West Perth,N/A,2023/11/16 09:47,20d ago
Associate Systems Engineer,Kinetic IT,Perth WA,N/A,2023/11/16 09:47,14d ago
Senior Windows System Administrator,The Australian National University,Canberra ACT,Competitive salary package plus 17% Superannuation,2023/11/16 09:47,20d ago
Senior System Engineer,Better Staff,Brisbane QLD,N/A,2023/11/16 09:47,15d ago
IT Systems/Network Engineer,Alliance Airlines,Brisbane QLD,N/A,2023/11/16 09:47,9d ago
Systems Engineer,Mars Recruitment,Subiaco,$115k - $120k p.a. + 12 Month Fixed Term Contract,2023/11/16 09:47,28d ago
System Engineer,BSA Ltd,Lidcombe,N/A,2023/11/16 09:47,26d ago
Senior IT Officer,China Construction Bank,Sydney NSW,N/A,2023/11/16 09:47,15d ago
Level 3 MSP IT Engineer,All IT Services,Brookvale,N/A,2023/11/16 09:47,20d ago
IT Senior Systems Engineer,u&u. Recruitment Partners,Sydney NSW,"$130,000 - $140,000 + superannuation",2023/11/16 09:47,22d ago
Systems Administrator (Linux),Consunet Pty Ltd,Adelaide SA,N/A,2023/11/16 09:47,27d ago
IT Project Engineer,Roberts Morrow Technology,Townsville,"$90,000 – $130,000 per year",2023/11/16 09:47,23d ago
Level 2/3 IT Support Engineer,Professional Search Group,Perth WA,N/A,2023/11/16 09:47,9d ago
Windows Server Engineer,Aurec,Pyrmont,$640 p.d inc Super,2023/11/16 09:47,14d ago
ICT Senior Operations Specialist,PERSOLKELLY,Tewantin,$40 - $42 p.h. + super,2023/11/16 09:47,1d ago
Level 2/3 Systems & Network Engineer,PRO IT PTY LTD,Fairfield,N/A,2023/11/16 09:47,2d ago
System Engineer,Exclaim IT,Sydney NSW,"$110,000 - $130,000",2023/11/16 09:47,22d ago
Senior Systems Engineer,Randstad Digital,Parramatta,Super,2023/11/16 09:47,20d ago
Atlassian Administrator,Green Light PS Pty Ltd,Canberra ACT,AUD 120 per hour,2023/11/16 09:47,22d ago
IT Support Engineer,AU IT Pty Ltd,Hume,"$65,000 – $85,000 per year based on experience",2023/11/16 09:47,Unknown
"Lab IT Support Engineer - Parkville, VIC",Hemmersbach Australia Pty Ltd.,Parkville,"$6,500 – $6,900 per month",2023/11/16 09:47,Unknown
Security Systems Engineer,Suncorp,Brisbane QLD,Competitive salary; hybrid working,2023/11/16 09:47,1d ago
Systems Engineer,Commonwealth Bank – Technology,Eveleigh,Competitive Rem +Bonus +Staff Benefits,2023/11/16 09:47,6d ago
Systems Engineer - LMT,Wipro Limited,Melbourne VIC,N/A,2023/11/16 09:47,12d ago
IT Systems Engineer,Peoplebank Australia NSW,Sydney NSW,Attractive Salary Package + Benefits!,2023/11/16 09:47,28d ago
Networks & Systems Administration,IT Happens,Mulgrave,N/A,2023/11/16 09:47,26d ago
Senior Systems Support Specialist,Denver,West Leederville,N/A,2023/11/16 09:47,5d ago
Intermediate Infrastructure Engineer,HR Connect Limited,Docklands,N/A,2023/11/16 09:47,22d ago
Systems Engineer,Attract People,Brisbane QLD,N/A,2023/11/16 09:47,21d ago
Senior Systems Engineer,Westpac Consumer and Business Bank,Kogarah,N/A,2023/11/16 09:47,13d ago
Network & Systems Engineer,UnitingSA,Port Adelaide,Base Salary + Super + Salary Packaging,2023/11/16 09:47,15d ago
Systems Engineer,Humanised Group,Brisbane QLD,N/A,2023/11/16 09:47,26d ago
Network System Engineer,N/A,Homebush,N/A,2023/11/16 09:47,14d ago
IT Infrastructure Engineer - Network | Server | Cloud,Genesis Recruitment Solutions,Sydney NSW,$120K Base + Super,2023/11/16 09:47,21d ago
IT Support Engineer,Robert Half,Bayside & South Eastern Suburbs,$85k - $100k p.a. + Super,2023/11/16 09:47,13d ago
IT Network Administrator,MPI,Perth WA,$100k - $110k + super + bonus + benefits,2023/11/16 09:47,28d ago
Senior ICT Engineers,BAE Systems,Melbourne VIC,N/A,2023/11/16 09:47,6d ago
IT Team Lead - Hybrid - Up to $130k + super,Robert Half,Brisbane QLD,"$110,000 - $130,000 p.a. Plus superannuation",2023/11/16 09:47,1d ago
Linux Systems & Network Administrator,The Aquarium,Canberra ACT,N/A,2023/11/16 09:47,19d ago
Principal Platform Engineer,Australian Energy Market Operator (AEMO),Melbourne VIC,N/A,2023/11/16 09:47,3h ago
Junior Systems Engineer -3 days a week on site,Milestone Information Technology,Sydney NSW,N/A,2023/11/16 09:47,7d ago
L3 ICT systems engineer,Digital Core 9,Sydney NSW,N/A,2023/11/16 09:47,Unknown
Technical Services Manager,Southern Cross Computer Systems,Port Melbourne,"$100,000 – $110,000 per year",2023/11/16 09:47,Unknown
IT Project Engineer,Roberts Morrow Technology,Thornton,"$90,000 – $130,000 per year",2023/11/16 09:47,23d ago
Cloud Engineer (SecOps),NewyTechPeople,Newcastle,"AUD 90000 - 95000 per annum, Salary Packaging + Su",2023/11/16 09:47,12d ago
IT Support Engineer - Intune | MDM | Network,Genesis Recruitment Solutions,Sydney NSW,$90K Base + Super,2023/11/16 09:47,9d ago
Senior IT Systems Engineer,Data#3 People Solutions,Adelaide SA,N/A,2023/11/16 09:47,23d ago
IT Administrator & Automation Support,Link Wentworth,West Ryde,"$86,239p.a + super + NFP tax incentives!",2023/11/16 09:47,19d ago
VMware Administrator,Ignite,Melbourne VIC,AUD 120 - 140 per hour,2023/11/16 09:47,23d ago
Technical Officer (Systems Integration) Pool,Department of Biodiversity Conservation And Attractions,Kensington,"L4, $87,712 - $92,057 p.a. 11% plus Superannuation",2023/11/16 09:47,6d ago
Systems Engineer,Mitsui E  P,Perth WA,N/A,2023/11/16 09:47,19d ago
Level 3 Systems Engineer,Integrated ICT,Perth WA,N/A,2023/11/16 09:47,22d ago
IT Support Engineer,Professional Search Group,North Perth,Competitive,2023/11/16 09:47,9d ago
Service Desk Engineer,Deployus,Bowen Hills,"$75,000 – $89,999 per year",2023/11/16 09:47,2d ago
EDRMS System Advisor,Unitywater,Caboolture,N/A,2023/11/16 09:47,9d ago
Senior Systems Engineer,New Era Technology,Sydney NSW,N/A,2023/11/16 09:47,14d ago
Senior Support Engineer (Perth),Office Solutions IT,Osborne Park,AUD,2023/11/16 09:47,9d ago
Infrastructure Engineer,"Talent – Specialists in tech, transformation & beyond",Melbourne VIC,$680.00 - $780 p.d.,2023/11/16 09:47,23d ago
Business System Administrator (HR),Multicap,Eight Mile Plains,$95K-$105K + Super + Salary Sacrifice + Discount,2023/11/16 09:47,7d ago
Lead Infrastructure Engineer,The Network,Ryde,$175000.00 - $180000.00 p.a.,2023/11/16 09:47,9d ago
Windows DC Engineer (Level 2),Michael Page,Brisbane QLD,Plus Superannuation,2023/11/16 09:47,27d ago
Senior NetSuite Administrator,Sliqpay Pty Ltd,Melbourne VIC,N/A,2023/11/16 09:47,13d ago
Senior Systems Engineer - Sunshine Coast,Network Office Sunshine Coast,Warana,"$67,000 – $90,000 per year",2023/11/16 09:47,19d ago
Level 2 IT Support Engineer – Immediate Start,HSM IT Solutions,Parramatta,N/A,2023/11/16 09:48,Unknown
Product and Infrastructure Support Engineer,Canberra Consulting,Canberra ACT,AUD 120000 - 160000 per annum,2023/11/16 09:48,Unknown
Senior Systems Engineer,Remedy Resourcing,Southport,N/A,2023/11/16 09:48,20d ago
Service Desk Officer,Catholic Education Office Bathurst,Dubbo,"From $66,728 (based on experience)",2023/11/16 09:48,1d ago
Systems Engineer - Infrastructure and Networks,Slade Group,Melbourne VIC,AUD 120000 - 140000 per annum,2023/11/16 09:48,26d ago
Level 2 Support Engineer,West Recruitment,Sydney NSW,N/A,2023/11/16 09:48,10d ago
Level 2-3 Helpdesk/System Administrator,empire group,Brisbane QLD,N/A,2023/11/16 09:48,17d ago
Wintel Systems Engineer (EXCLUSIVE ROLE!),Peoplebank Australia ACT,Belconnen,N/A,2023/11/16 09:48,15d ago
Part time/Casual IT Administrator,Paradise Motors Mazda,Adelaide SA,N/A,2023/11/16 09:48,9d ago
D365 and Power Platform Administrator,Paxus,Canberra ACT,paxus pays weekly,2023/11/16 09:48,15d ago
Network Administrator,Infinet Network Solutions Pty Ltd,Chatswood,"$90,000 – $95,000 per year",2023/11/16 09:48,16d ago
Systems Engineer (MS SQL),Randstad Digital,Gold Coast QLD,Market related with benefits,2023/11/16 09:48,29d ago
Interface Systems Engineer,Halcyon Knights Pty Ltd,Melbourne VIC,AUD 800 - 850 per day,2023/11/16 09:48,23d ago
Support Engineer,Webcentral Group,Melbourne VIC,N/A,2023/11/16 09:48,12d ago
OT/ IT Engineer,ASR Recruitment,Brisbane QLD,N/A,2023/11/16 09:48,23d ago
Wintel Engineer,NRI Australia & New Zealand,Perth WA,N/A,2023/11/16 09:48,13d ago
TSPV System Administrator (Adelaide),Kinexus,Adelaide SA,N/A,2023/11/16 09:48,13d ago
IT Support Engineer,Clicks IT Recruitment (NSW),Sydney NSW,plus superannuation,2023/11/16 09:48,6d ago
Infrastructure Engineer,Peoplebank Australia WA,Perth WA,N/A,2023/11/16 09:48,15d ago
IT Infrastructure Team Leader,Genesis Recruitment Solutions,Sydney NSW,$140K-$150K Base+Super,2023/11/16 09:48,10d ago
Systems Engineer,Amadeus IT Pacific,Sydney NSW,N/A,2023/11/16 09:48,16d ago
Migration Engineer,FinXL IT Professional Services,Pyrmont,$850 - $851 p.d.,2023/11/16 09:48,2d ago
Senior NetSuite Administrator,Sliqpay Pty Ltd,Southport,N/A,2023/11/16 09:48,Unknown
IT Infrastructure Manager,Genesis Recruitment Solutions,Sydney NSW,$150K-$160K Base+Super,2023/11/16 09:48,Unknown
Level 3 support engineer,Didgenet Pty Ltd,North Sydney,"$85,000 – $95,000 per year",2023/11/16 09:48,5d ago
Systems Engineer,Ark International Group Pty Ltd,Sydney NSW,N/A,2023/11/16 09:48,28d ago
Network & Security Administrator,Frontier Software,Melbourne VIC,N/A,2023/11/16 09:48,5d ago
Systems Officer,Department of Training and Workforce Development,West Perth,"$87,712 – $92,057 + great salary & work benefits",2023/11/16 09:48,5d ago
System Administrator,Sydney Grammar School,Darlinghurst,N/A,2023/11/16 09:48,23d ago
Senior Cloud Administrator,South Australia Police,Adelaide SA,"$97,022 – $102,626 per year",2023/11/16 09:48,10d ago
Senior Systems Engineer,Kinetic IT,Perth WA,N/A,2023/11/16 09:48,19d ago
Digital Workplace Engineer,Interactive,Sydney NSW,N/A,2023/11/16 09:48,5d ago
System Engineer,Continuum Recruitment,Sydney NSW,N/A,2023/11/16 09:48,23d ago
Senior Systems Engineer,Kinetic IT,Perth WA,N/A,2023/11/16 09:48,19d ago
Windows Engineer,Paxus,Sydney NSW,N/A,2023/11/16 09:48,14d ago
Senior Systems Integration Officer,u&u. Recruitment Partners,Brisbane QLD,N/A,2023/11/16 09:48,28d ago
Systems Support Officer - Scada and Network,Randstad Digital,Morayfield,N/A,2023/11/16 09:48,13d ago
"Enterprise Infrastructure Specialist, Australia & R.O.W.",N/A,Derrimut,N/A,2023/11/16 09:48,20d ago
Level 3 Helpdesk Support and Engineer,getNEXT Pty Ltd,Melbourne VIC,N/A,2023/11/16 09:48,22d ago
Systems Engineer (Projects),New Era Technology,Brisbane QLD,N/A,2023/11/16 09:48,27d ago
Junior Infrastructure Engineer - Windows,Kapital Consulting,Sydney NSW,N/A,2023/11/16 09:48,21d ago
Senior ICT Engineers - Part Time Opportunities,BAE Systems,Melbourne VIC,N/A,2023/11/16 09:48,6d ago
Database Administrator/ System Administrator,Akkodis,Canberra ACT,$120 - $140 p.h. + Flexible work environment + Lon,2023/11/16 09:48,22d ago
Senior NetSuite Administrator,Sliqpay Pty Ltd,Brisbane QLD,N/A,2023/11/16 09:48,13d ago
Level 3 Support Engineer,CT Group Solutions,Brisbane QLD,N/A,2023/11/16 09:48,Unknown
IT and Systems Coordinator,Fender Katsalidis (Aust) Pty Ltd,Southbank,N/A,2023/11/16 09:48,Unknown
Technical Services Consultant,Rainy Day Recruitment,Sydney NSW,AUD 100 - 120 per hour,2023/11/16 09:48,12d ago
Systems Analyst / Senior Systems Analyst,Medenterprises,Gold Coast QLD,N/A,2023/11/16 09:48,2d ago
Systems Engineer - Standard Operating Environment,Commonwealth Bank – Technology,Sydney NSW,STVR,2023/11/16 09:48,7d ago
Cloud Administrator,Experis AU,Parramatta,N/A,2023/11/16 09:48,21d ago
Broadcast IT Engineer,Nine,Docklands,N/A,2023/11/16 09:48,16d ago
Senior System Engineer,Hays | Technology,Sydney NSW,N/A,2023/11/16 09:48,27d ago
Cloud Desktop Engineer,Talent Street,Brisbane QLD,Competitive,2023/11/16 09:48,15d ago
Level 3 Engineer - Projects | MSP,Pathfinder Recruitment,Melbourne VIC,$120K base + super,2023/11/16 09:48,23d ago
Support Engineer,New Era Technology,Perth WA,"$59,000 per year",2023/11/16 09:48,22h ago
Support Engineer - Level 2,Robert Half,Melbourne VIC,$75k - $85k p.a.,2023/11/16 09:48,12d ago
Linux systems administrator,Hays | Technology,Sydney NSW,N/A,2023/11/16 09:48,23d ago
Cloud Services Engineer,Urban Utilities,Brisbane QLD,N/A,2023/11/16 09:48,16h ago
Security & Infrastructure Engineer,u&u. Recruitment Partners,Parramatta,Paying between $900 - $1000 p.d. plus GST,2023/11/16 09:48,6d ago
Technology Engineer (Systems and Networks),AGL,Melbourne VIC,N/A,2023/11/16 09:48,7d ago
Network/Systems Engineer,Knox Grammar School,Wahroonga,N/A,2023/11/16 09:48,19d ago
ALIS Maintenance Administrator,Lockheed Martin Australia Pty Ltd,Williamtown,N/A,2023/11/16 09:48,14d ago
Senior Cloud Specialist,South Australia Police,Adelaide SA,"$106,512 – $115,137 per year",2023/11/16 09:48,10d ago
Azure System Engineer (Cybersec Flavour) - up to $130K base - Inner West based,SustainAbility Consulting,Newtown,up to $130K base (+ super),2023/11/16 09:48,21d ago
Infrastructure Team Lead,Emanate Technology Pty Ltd,Brisbane QLD,AUD 131000 per annum,2023/11/16 09:48,5d ago
Atlassian Administrator,SALT SEARCH PTY LTD,Canberra ACT,Up to $150000.00 p.a. + super + bonus,2023/11/16 09:48,26d ago
"Enterprise Infrastructure Specialist, Australia & R.O.W.",N/A,Derrimut,N/A,2023/11/16 09:48,Unknown
Senior NetSuite Administrator,Sliqpay Pty Ltd,Brisbane QLD,N/A,2023/11/16 09:48,Unknown
IT Administrator - Scenic Rim,GELITA Australia Pty Ltd,Beaudesert,N/A,2023/11/16 09:48,20d ago
Senior NetSuite Administrator,Sliqpay Pty Ltd,Southport,N/A,2023/11/16 09:48,13d ago
"Cloud Desktop Engineer - Windows, Microsoft 365, Azure Active Directory",HCM Australia,Melbourne VIC,N/A,2023/11/16 09:48,15d ago
Systems Engineer,The Recruitment Company,Melbourne VIC,"Salary package Upto $150,000, WFH flexibility",2023/11/16 09:48,27d ago
Infrastructure Systems Specialist - Operational Technology,Essential Energy,Port Macquarie,16% Superannuation + 9 day fortnight,2023/11/16 09:48,6d ago
ICT Engineer,Green Light PS Pty Ltd,Perth WA,AUD 110000 - 130000 per annum,2023/11/16 09:48,7d ago
Senior Technical Specialist Gateways,Department of Health - Queensland,Fortitude Valley,N/A,2023/11/16 09:48,18h ago
Senior Service Desk Engineer,Superior IT Technologies,St Marys,N/A,2023/11/16 09:48,3d ago
Apple Engineer - SME,N/A,Melbourne VIC,"$110,000 – $125,000 per year",2023/11/16 09:48,1d ago
Station IT Support Engineer,Australian Agricultural Company,Mount Isa,N/A,2023/11/16 09:48,6d ago
EDRMS System Advisor,Unitywater,Maroochydore,N/A,2023/11/16 09:48,9d ago
Windows Support Engineer,Peoplebank Australia NSW,Melbourne VIC,N/A,2023/11/16 09:48,14d ago
IT and Systems Coordinator,Fender Katsalidis (Aust) Pty Ltd,Southbank,N/A,2023/11/16 09:48,8d ago
ICT Senior Operations Specialist,Alchemy Recruitment Consulting Pty Ltd,Tewantin,$42.93hr + Super,2023/11/16 09:48,1d ago
Level 2 Desktop Engineer,Green Light PS Pty Ltd,Brisbane QLD,Competitive,2023/11/16 09:48,1d ago
Information Systems Engineer,Nexia Australia,Sydney NSW,N/A,2023/11/16 09:48,3d ago
IT Officer and Admin Support,Sathya Sai College,Murwillumbah,N/A,2023/11/16 09:48,6d ago
MDM Intune Admin/SME - Brisbane,AYAN INFOTECH PTY LTD,Brisbane QLD,"$550 - $600 p.d. + flexible, open to discuss",2023/11/16 09:48,28d ago
IT Support - Level 3,Total HRM,Albury,"80,000K-90,000",2023/11/16 09:48,6d ago
Cloud IT Infrastructure Engineer,Eurofins,Dandenong South,N/A,2023/11/16 09:48,28d ago
Senior Engineer / Technical Consultant (Microsoft Infrastructure / 365),Idea 11 Pty Ltd,Sydney NSW,N/A,2023/11/16 09:48,Unknown
IT Application Specialist,Magnetic Automation,Campbellfield,N/A,2023/11/16 09:48,Unknown
Senior Systems Engineer,Steadfast Solutions,Milton,N/A,2023/11/16 09:48,26d ago
System and Cloud Engineer HRHA,Goulburn Valley Health,Shepparton,N/A,2023/11/16 09:48,10d ago
Atlassian Administrator,Humanised Group,Brisbane QLD,N/A,2023/11/16 09:48,23d ago
Datacenter Operations Specialist,Microsoft,Perth WA,Subsidised health insurance + stock discounts,2023/11/16 09:48,2d ago
INX Specialist,Haynes Group,Townsville,Hourly,2023/11/16 09:48,2d ago
Senior Systems (CloudOps) Engineer,NCSI Australia Pty Limited,Sydney NSW,Attractive salary and benefits,2023/11/16 09:48,21d ago
Infrastructure Technical Lead - Windows,Tektalent,Brisbane QLD,"$100,000 – $130,000 per year",2023/11/16 09:48,17d ago
Data Center Engineer,NTS Network Australia PTY LTD,Birtinya,N/A,2023/11/16 09:48,14h ago
Mobility and Integration System Engineer,NTT Ltd,Canberra ACT,N/A,2023/11/16 09:48,10d ago
IT Support Engineer - MSP - Central Coast Based,Randstad Digital,Gosford,Negotiable,2023/11/16 09:48,7d ago
Senior Systems Engineer,"Talent – Specialists in tech, transformation & beyond",Marleston,N/A,2023/11/16 09:48,26d ago
APS6 Cloud Desktop Engineer,"Talent – Specialists in tech, transformation & beyond",Richmond,$650 - $700 daily,2023/11/16 09:48,15d ago
Graduate Systems Engineer,Onel Consulting Pty Ltd,Melbourne VIC,N/A,2023/11/16 09:48,16d ago
"Systems Engineer - Azure/M365, Support/Projects - Managed Services",Trimble Networks,Milton,"$90,000 – $115,000 per year",2023/11/16 09:48,29d ago
Infrastructure Specialist,"Talent – Specialists in tech, transformation & beyond",Melbourne VIC,"ASAP start, CBD/WFH hybrid",2023/11/16 09:48,21d ago
IT Support Engineer,AU IT Pty Ltd,Hume,"$65,000 – $85,000 per year based on experience",2023/11/16 09:48,17d ago
Senior End User Compute Engineer,M&T Resources,Brisbane QLD,N/A,2023/11/16 09:48,7d ago
Network Administrator,Hays | Technology,Sydney NSW,N/A,2023/11/16 09:48,23d ago
Senior Systems (CloudOps) Engineer,NCSI Australia Pty Limited,Melbourne VIC,Attractive salary and benefits,2023/11/16 09:48,21d ago
Lead Systems Engineer,blueAPACHE,Melbourne VIC,N/A,2023/11/16 09:48,28d ago
IT Infrastructure Team Leader,Genesis Recruitment Solutions,Sydney NSW,$140K-$150K Base+Super,2023/11/16 09:48,Unknown
Senior Systems Administrator,First Focus IT P/L,Perth WA,Competitive pkg | 10 days paid training leave/yr,2023/11/16 09:48,Unknown
Microsoft Server Engineer,Peoplebank Australia NSW,Sydney NSW,Base + Super + Extra Days Off + STI + ESP,2023/11/16 09:48,16d ago
Senior IT Role,Kerr Solutions Pty Ltd,Berserker,N/A,2023/11/16 09:48,25d ago
Systems Support Officer - Multiple positions,Powerlink Queensland,Brisbane QLD,Attractive salary + 12.75% super,2023/11/16 09:48,15d ago
Business Systems Engineer,Placard Pty Ltd,Eastern Suburbs,N/A,2023/11/16 09:48,24d ago
1 x APS6 Cloud Desktop Engineer,face2face Recruitment,Richmond,N/A,2023/11/16 09:48,14d ago
Infrastructure Specialist - Rowville,GPC Asia Pacific,Rowville,Stability + Growth + Generous Staff Discounts,2023/11/16 09:48,26d ago
IT Support Engineer - Level 2,JH Computer Services,Perth WA,"$65,000 – $75,000 per year",2023/11/16 09:48,8d ago
"Lab IT Support Engineer - Parkville, VIC",Hemmersbach Australia Pty Ltd.,Parkville,"$6,500 – $6,900 per month",2023/11/16 09:48,8d ago
Wintel/VM/AWS Engineer - CBD:WFH hybrid - up to $800/day,SustainAbility Consulting,Sydney NSW,Up to $800/day,2023/11/16 09:48,12d ago
IT Support Engineer - Level 2,RPM Real Estate Group Pty Ltd,Southbank,"$70,000 – $90,000 per year",2023/11/16 09:48,8d ago
Kafka Administrator,HCL Australia Services Pty Ltd,Sydney NSW,N/A,2023/11/16 09:48,2d ago
Level 2 Engineer,TheDriveGroup,Melbourne VIC,up to $85k plus super,2023/11/16 09:48,26d ago
Senior Hybrid Cloud Infrastructure Engineer,IMB Limited,Wollongong,N/A,2023/11/16 09:48,2d ago
Senior NetSuite Administrator,Sliqpay Pty Ltd,Sydney NSW,N/A,2023/11/16 09:48,13d ago
Level 3 Support Engineer,CT Group Solutions,Brisbane QLD,N/A,2023/11/16 09:48,27d ago
Application/Network Support Engineer Level 1 &  @,DeVision Recruitment,Brisbane QLD,Up to $100K-$110K (depending on exp),2023/11/16 09:48,10d ago
Technical Services Specialist,Rainy Day Recruitment,Canberra ACT,Competitive,2023/11/16 09:48,12d ago
ANZ Infrastructure & Cloud Specialist,IPH Services,Sydney NSW,N/A,2023/11/16 09:48,14d ago
Senior Technical Specialist - MS Cloud,icare,Sydney NSW,N/A,2023/11/16 09:48,9d ago
Systems Engineer,Consunet Pty Ltd,Adelaide SA,N/A,2023/11/16 09:48,19h ago
